10029,5.216333,59.371233
10041,5.090733,60.054317
10045,5.120633,60.088083
10050,5.228133,59.866567
10054,5.309083,60.025583
10086,5.328583,60.723417
10087,4.708333,61.32
10091,5.0247,61.490383
10110,5.863783,59.1474
10113,5.934433,59.122317
10136,5.669683,59.95335
10137,5.6591,60.264083
10147,5.980617,59.747083
10149,6.17615,59.790083
10181,6.16075,62.52025
10212,7.9046,63.076783
10213,8.0756,62.9424
10216,8.191733,63.076283
10223,8.213567,63.398017
10224,8.21755,63.1434
10229,8.45695,63.146017
10232,8.536867,63.84705
10240,8.88687,63.651975
10256,10.7427,64.8168
10262,11.6139,65.01145
10275,22.3542,70.14145
10276,22.66705,70.077333
10281,22.896517,70.321117
10291,5.1462,59.72415
10292,5.155467,59.713833
10298,5.2447,59.866417
10300,5.311917,59.6084
10303,5.363633,59.742983
10309,4.968667,60.467733
10311,5.193833,61.203133
10317,4.979333,61.316633
10318,5.069883,61.758017
10319,5.136833,61.585767
10324,5.64105,60.223267
10328,5.906933,60.141033
10331,6.044717,60.112833
10332,6.082633,60.0833
10338,6.35625,60.406717
10375,9.409217,63.589367
10398,10.115683,64.093
10409,11.388867,64.643867
10421,11.91045,64.928283
10425,12.071983,65.126583
10447,12.2872,65.85145
10504,14.6153,68.781933
10505,14.707267,68.583933
10513,15.51075,67.458683
10518,15.29955,68.0213
10536,16.481867,69.031583
10544,17.015083,69.187117
10550,17.309683,68.728383
10552,17.487317,68.896217
10611,21.706083,70.249917
10614,23.306217,70.263017
10616,23.397883,70.57315
10635,24.075567,70.572533
10652,25.636983,70.7514
10660,24.944717,70.889183
10724,20.717817,69.816117
10726,20.713967,69.860083
10734,20.510433,69.57835
10735,20.314917,69.663267
10747,19.587733,69.95135
10753,19.435083,69.88185
10754,19.361467,69.833017
10757,19.341067,70.0722
10759,19.304867,70.06635
10768,18.918567,69.8674
10769,18.92482,69.867926
10789,23.465883,70.2875
10790,23.484533,70.384033
10791,23.400283,70.286367
10794,23.223833,70.124217
10795,22.2785,70.2122
10796,21.811017,70.19945
10803,21.875167,69.904133
10804,21.828983,69.851983
10806,21.729983,69.885067
10808,21.598767,69.91225
10811,23.330383,70.1337
10814,23.28235,70.237417
10819,22.755167,70.091
10821,22.705367,70.09005
10822,22.6618,70.085867
10825,22.308067,70.151467
10828,23.5579,70.5382
10837,23.184933,70.66655
10838,23.109517,70.626517
10839,23.079117,70.353317
10840,22.972967,70.347517
10841,22.805067,70.3413
10858,12.438133,65.108317
10862,12.321467,65.117667
10876,12.562867,65.44635
10877,12.549733,65.457233
10893,12.07285,66.504117
10898,12.135,65.471383
10961,12.6242,65.807633
10974,12.4117,66.400717
10989,12.350567,66.01325
10990,12.312267,66.228867
11015,12.220967,65.90735
11041,12.065617,66.07035
11072,13.624117,66.69935
11074,13.391633,66.669083
11076,13.317517,66.675733
11087,12.994583,66.640967
11112,14.2684,67.107833
11116,14.025333,67.057833
11122,13.947583,67.073
11129,13.85685,67.083917
11138,13.562283,66.713417
11144,13.171383,66.769483
11162,14.848083,68.435117
11168,14.769217,68.270383
11193,13.74305,68.11055
11198,13.736967,68.090833
11201,13.68965,68.088167
11205,13.635317,68.092733
11225,14.985133,68.91765
11238,14.866383,68.803383
11248,14.7101,68.817383
11251,14.626133,68.79065
11252,14.597967,68.784917
11269,15.444017,67.52995
11272,15.4048,67.136967
11273,15.398867,67.243033
11290,16.134117,68.19825
11298,15.867383,68.428717
11303,15.808267,67.96265
11312,15.503168,67.939483
11315,15.3812,67.7267
11318,15.318733,68.37535
11320,15.310517,67.975167
11326,17.457083,69.017
11330,17.343483,68.72655
11332,17.282283,68.78055
11334,17.226067,68.732067
11338,17.138817,68.719483
11339,17.14895,68.925417
11340,17.109217,68.886183
11350,17.0887,69.257533
11351,17.022217,68.71725
11355,17.025,69.246667
11357,17.009933,69.146683
11363,16.910167,68.727583
11364,16.91595,69.1959
11365,16.883733,69.0505
11378,16.534667,68.981667
11381,16.5382,68.962367
11385,16.491867,68.9808
11399,15.904017,68.656833
11405,15.482067,68.63045
11410,15.381083,68.611667
11411,15.3329,68.566533
11413,15.314567,68.885833
11433,17.919933,69.502283
11435,5.09895,59.428783
11438,5.472633,59.179733
11488,5.303317,60.044117
11492,5.30565,59.838083
11511,5.252483,59.627967
11513,5.247117,59.636483
11525,5.144183,60.081633
11530,5.160067,59.623583
11533,5.091133,60.174983
11534,5.161567,59.596783
11543,5.080083,60.020467
11552,4.978467,60.249517
11559,5.404167,59.65735
11571,5.32265,59.776567
11574,5.31215,59.671183
11575,5.288267,59.8616
11605,5.159333,59.90715
11611,5.110533,60.1386
11633,5.100533,59.7879
11640,4.9421,60.332467
11643,5.262117,61.200917
11644,5.2946,60.807833
11649,5.126483,60.60465
11651,5.061917,60.432617
11652,5.035133,60.543617
11657,4.935283,60.863083
11665,4.886283,60.752583
11667,4.904617,60.5399
11687,5.190433,60.578133
11688,5.081683,61.190667
11689,5.107183,60.960217
11690,5.159717,60.595767
11700,5.028367,60.87635
11714,4.94345,61.0675
11719,4.9203,61.05835
11721,4.90485,61.098267
11736,4.867017,61.056083
11738,4.908683,60.686417
11740,4.93995,60.404767
11749,4.845383,60.945867
11754,4.8641,60.727883
11756,4.853533,60.774867
11758,4.86125,60.59395
11763,4.818233,60.573467
11767,4.724283,61.04395
11770,4.759833,60.68285
11771,4.6925,60.792633
11772,4.70075,60.789633
11775,5.2203,61.467817
11776,5.215333,61.557717
11783,5.080817,61.406633
11786,4.965133,61.37475
11791,4.864633,61.633833
11793,4.7254,61.2843
11800,5.17265,61.490867
11803,5.160283,61.317217
11807,5.118367,61.50675
11809,5.0616,61.894567
11813,5.101317,61.30475
11814,5.071783,61.305667
11833,4.80805,61.57565
11854,6.68495,58.221967
11856,6.632767,58.227167
11857,6.636067,58.2079
11861,6.5958,58.241483
11864,6.536783,58.249033
11893,6.140833,59.268783
11913,6.0729,59.2933
11920,6.0258,59.46635
11922,6.079483,58.910083
11925,6.020533,59.399383
11928,6.004483,59.230767
11930,5.991917,59.45165
11939,5.966083,59.2051
11957,5.947817,58.954133
11964,5.86395,59.40665
11966,5.846567,59.494117
11971,5.867,58.977767
11972,5.852033,59.117017
12003,5.722617,59.064283
12007,5.71055,59.08215
12011,5.6765,59.290417
12018,6.274833,60.394683
12019,6.2014,60.248017
12022,6.16585,60.2564
12033,5.967617,60.191017
12035,5.9405,60.109
12036,5.9305,60.126117
12040,5.909183,59.975733
12047,5.72195,60.177217
12048,5.736783,60.074717
12067,5.571783,60.250017
12071,6.5131,59.550783
12074,6.318983,60.324217
12077,6.20525,60.105917
12078,6.157683,60.216633
12081,6.14,60.221867
12086,6.072883,59.759517
12095,5.908883,60.1216
12108,5.827133,59.953233
12109,5.8238,59.714433
12127,5.723617,59.699983
12128,5.723383,59.718133
12134,5.687317,59.762117
12156,5.56465,60.436517
12178,5.82545,61.098083
12179,5.809717,61.079167
12192,5.3136,61.467117
12209,6.021433,62.135117
12212,5.979733,61.802817
12213,5.94545,62.145317
12215,5.977233,61.785933
12224,5.723383,61.87715
12237,5.420717,62.116567
12239,6.9624,62.83185
12244,6.939283,62.728067
12260,6.696767,62.664767
12265,6.6021,62.452517
12281,6.357217,62.669733
12294,6.22535,62.622567
12298,6.1417,62.54865
12308,6.00285,62.274883
12348,8.994133,63.617183
12357,8.910767,63.801967
12361,8.86245,63.72205
12366,8.854567,63.793617
12370,8.757283,63.676433
12380,8.60175,63.791967
12383,8.575567,63.631967
12385,8.567418,63.80621
12392,8.492133,63.60615
12394,8.4477,63.760017
12406,8.884083,63.664533
12407,8.879067,63.64485
12435,8.547883,63.87955
12449,8.4444,63.805033
12466,8.237267,63.3582
12483,7.852167,63.458967
12590,10.665517,64.838383
12594,10.393433,64.297183
12599,10.30905,64.2858
12624,10.919133,64.560317
12625,10.908333,64.592683
12633,10.748133,64.5256
12652,11.042367,65.003783
12660,11.690367,64.794033
12662,11.639767,64.777133
12678,11.354817,64.607433
12705,11.674517,65.122983
12712,11.484517,65.039483
12714,11.461967,64.946483
12730,11.5733,64.949883
12784,9.409567,63.55995
12789,9.467983,63.569483
12794,9.607583,63.801317
12832,8.26705,58.143983
12839,7.281017,62.285217
12844,7.31415,62.673933
12855,7.45015,62.960383
12870,7.676817,63.03515
12871,7.675883,63.093033
12872,7.695317,63.055333
12879,7.713733,63.029683
12884,7.878516,62.737416
12890,8.049167,62.957167
12892,8.11095,62.9066
12895,8.143283,63.077867
12897,8.1563,62.8632
12904,8.277933,62.783933
12966,5.976433,59.474067
12973,6.183183,60.31815
12978,5.007033,61.016933
12980,5.00315,61.17955
12982,4.767783,61.31055
12988,6.92605,62.783417
12993,8.854983,63.73305
13000,12.545433,65.524267
13006,14.016533,67.146783
13009,13.585283,68.086833
13020,5.683283,60.358067
13021,7.328267,62.9831
13032,5.133367,59.609517
13036,5.305417,60.070933
13047,14.805217,68.227683
13055,5.713333,59.2983
13057,5.959917,60.17935
13058,5.613583,60.207733
13119,23.40735,70.238067
13124,13.41915,66.545517
13125,13.24255,66.80845
13139,15.580867,67.76705
13143,27.564833,70.816933
13196,4.968967,60.304433
13205,4.713817,61.068383
13209,5.075833,60.604417
13220,5.934417,58.97465
13221,5.94915,59.183483
13222,5.9532,59.211367
13225,6.2672,59.31335
13226,6.32245,59.299817
13227,5.633883,60.248017
13229,5.673117,60.2308
13234,6.0964,60.199667
13236,5.563833,61.067883
13241,5.464267,61.909833
13242,5.6331,61.895683
13243,5.904417,62.195667
13246,5.7849,62.2097
13249,6.3815,62.33795
13271,10.678883,64.433533
13290,14.076583,67.06895
13291,13.18255,68.00445
13293,14.949467,68.305933
13297,15.487967,67.448817
13305,17.0281,69.368117
13306,17.05325,68.694317
13316,22.41675,70.14955
13317,22.937983,70.303383
13337,27.49395,70.81805
13339,5.3433,59.746867
13340,4.87435,60.980633
13341,4.940267,61.82025
13345,5.638267,60.23545
13412,14.779717,68.83255
13503,9.0523,63.610733
13518,18.170267,69.695333
13527,15.0358,68.33945
13530,15.037333,68.903533
13531,17.512567,69.093017
13541,5.467067,60.076633
13549,5.250533,61.821333
13550,5.295383,61.847933
13554,7.12155,62.294283
13562,5.526917,59.87835
13563,5.352617,60.523333
13566,5.4192,60.653733
13568,5.285,61.476267
13570,9.116583,63.598217
13572,9.1469,63.533983
13573,9.171467,63.384
13581,11.242283,64.75425
13592,15.171667,67.95877
13593,15.2023,68.325183
13594,15.016667,68.704
13595,15.038667,68.7135
13597,17.520883,68.854633
13612,5.3303,62.01035
13629,5.631317,59.285483
13643,5.33105,61.035117
13644,5.381767,60.5549
13669,7.101183,62.6461
13677,9.1231,63.33155
13691,29.680717,69.9099
13699,5.342433,60.7411
13704,5.396167,60.716217
13706,5.237383,61.5771
13708,5.31025,61.565267
13711,5.375283,61.479283
13727,9.15525,63.655783
13764,12.95735,66.41295
13765,12.958033,66.46165
13782,15.2339,68.491583
13784,15.020717,68.936633
13804,18.6539,69.788617
13813,27.123317,70.629167
13837,5.209233,61.902217
13838,5.284667,61.356333
13841,5.29085,61.910183
13845,5.3275,62.140833
13852,7.192817,62.6275
13865,30.395617,69.7948
13867,5.533667,59.657983
13870,5.3535,60.563233
13874,5.4001,60.5821
13876,5.443633,60.479783
13886,9.1299,63.997583
13887,9.1311,63.617183
13931,15.121867,67.656517
13949,21.028183,69.977633
13959,11.2208,64.815782
13996,23.024617,70.566233
14016,8.2553,58.140267
14018,5.004367,60.627433
14019,12.31975,65.139233
14035,4.79225,61.041133
14039,5.169533,60.02005
14040,5.124117,60.081383
14041,8.694417,63.65835
14042,8.677683,63.867683
14043,7.450533,62.64515
14076,12.169217,65.4933
14081,5.340483,61.110083
14086,5.152383,59.72855
14136,5.445867,59.058
14245,11.792967,65.11235
14435,4.878417,60.565133
14495,5.811533,59.28955
14678,14.6805,68.659717
14679,14.8005,68.668367
14795,15.770433,68.37905
14796,16.12235,68.525883
14799,5.452733,60.058967
15118,12.79975,66.39365
15196,5.26075,59.845917
15236,19.161017,69.78865
15375,9.057067,63.98405
15403,4.711383,61.10195
15455,15.411717,67.176717
15456,5.8536,61.1056
15460,25.55705,70.89355
15461,25.446817,70.8709
15462,25.747833,70.98
15517,23.229167,70.52875
15655,12.709967,66.235783
15657,20.748483,69.950783
15659,21.8331,69.907683
15796,5.927667,59.387533
15860,17.088617,69.236017
15956,29.487075,69.914667
15957,29.035033,70.066233
16015,20.7668,69.890017
16055,25.254333,70.83325
16165,15.1288,67.573117
16216,15.087283,68.863
16255,30.415333,69.731167
16736,20.69315,69.957833
16755,5.434733,59.944217
16939,15.435433,68.410483
17015,5.788733,59.730433
17077,18.022167,69.5115
17176,15.979433,68.699
17177,5.34815,61.89445
17235,13.018317,66.420867
17357,5.721883,59.132517
17495,8.2162,63.04965
17575,5.3895,59.251983
18015,5.4514,59.953633
18117,21.685083,70.273783
18217,5.174033,59.397383
18235,6.193083,59.2694
18275,5.870017,59.192033
18595,15.361633,68.601767
18639,5.883333,59.392317
18657,5.133333,61.15495
18717,14.313183,67.132283
18755,11.394183,64.749967
18898,5.631333,60.458083
18936,12.139167,65.6862
19015,9.180583,63.333533
19016,9.19075,63.506067
19098,15.348633,67.227833
19115,9.109833,63.475917
19135,10.263817,64.243367
19195,8.51575,63.597217
19235,15.1615,67.535117
19278,16.153233,68.170717
19336,5.114483,59.4293
19355,5.990283,59.2966
19356,10.877383,64.5387
19635,14.593767,68.8001
19655,5.268483,60.746867
19755,12.441067,65.353183
19855,8.12855,63.149745
19875,7.850267,63.039933
19939,6.050117,60.157417
19977,9.928317,63.99495
19995,8.0306,63.137917
20075,16.236718,67.892433
20096,13.5389,68.060183
20115,5.174483,60.249967
20316,14.948217,68.331483
20396,23.327983,70.2302
20455,6.009367,60.04095
20559,8.75505,63.8225
20576,17.521017,68.813817
20595,5.207633,60.161583
20776,4.97325,60.530883
20796,7.367717,62.59785
20815,6.157667,62.334
20876,14.85465,68.844367
20897,15.30745,68.941433
21016,22.957417,70.549917
21176,16.321417,68.081417
21336,5.80735,61.169417
21397,13.967767,67.036933
21415,5.8583,59.285483
21495,11.532783,64.965367
21516,16.204467,68.057133
21676,10.854067,64.60255
21755,5.885317,59.736467
21795,15.38435,68.339717
21915,5.284933,59.952083
22035,13.432233,66.308317
22095,5.929967,59.9844
22315,5.5593,60.218933
22335,6.977733,62.8021
22435,14.982483,68.673983
22455,5.5954,62.16655
22596,5.801317,59.1944
22775,11.058617,65.001917
22796,13.09655,66.587567
22915,5.114417,60.038183
22955,5.58855,59.685183
23055,17.357317,69.043917
23056,17.264133,69.037683
23375,5.729967,61.099983
23436,4.935933,61.20625
23755,17.64295,68.785283
23816,12.8942,66.256117
24035,5.699283,60.170483
24115,8.4127,63.419617
24135,5.9024,59.778333
24155,17.3398,69.422183
24175,17.287567,69.419467
24197,8.483883,63.415967
24295,13.678183,66.814683
24315,9.981417,64.117617
24455,5.186533,61.60395
24456,8.559183,63.88
24495,5.79345,60.052333
24535,23.39285,70.3414
24575,10.1222,64.184517
24615,4.915633,61.68485
24695,11.272917,64.596367
24696,8.450367,63.758483
24735,5.399417,60.126683
24937,5.725017,59.87075
24975,5.351183,60.069283
25055,5.386017,61.07675
25235,11.372467,64.94605
25695,5.929183,62.259983
25736,16.211517,67.92365
25815,5.534383,59.72365
25835,5.2315,60.156033
25855,18.180067,69.662833
25895,5.665983,59.890983
25896,5.638817,59.875767
26055,16.406417,68.866267
26135,9.0756,63.457717
26155,8.958173,63.447787
26235,5.5269,59.6088
26295,5.16,60.779467
26315,10.913767,64.765967
26435,6.04255,61.112483
26495,16.526933,68.412633
26575,6.337233,59.520333
26595,5.342217,60.035817
26615,16.061433,68.7656
26775,8.636133,63.819233
26795,10.696033,64.418533
26876,15.33005,68.568433
26935,17.061447,69.06865
26955,5.852867,59.4592
27015,22.24615,70.140517
27055,4.968933,61.540367
27095,5.586633,59.7215
27215,6.726683,62.6505
27315,6.208383,60.263667
27436,7.854367,63.256217
27476,19.523283,69.83065
27856,15.1212,67.265333
27876,12.368633,65.311183
27976,12.244583,65.918317
27996,15.236583,68.338817
28036,13.898417,67.118383
28096,5.98335,59.832467
28196,16.914367,68.40205
28296,16.037283,68.716333
28336,12.68205,66.1609
28396,5.63925,60.083867
28416,5.6922,60.456567
28636,8.521533,63.7813
28676,13.126033,66.4367
28896,12.954667,66.618017
28956,13.461467,66.819983
28976,5.0635,60.403
28996,5.543717,59.691783
29016,11.59435,64.964483
29096,14.819833,68.443933
29116,8.167133,63.44995
29276,4.9317,60.509333
29296,13.875217,67.0951
29336,5.26865,60.11805
29356,11.54245,64.755967
29376,12.770283,66.176367
29416,29.215333,70.020583
29458,18.653583,69.730633
29476,18.363983,69.709533
29537,10.630717,64.454633
29557,23.634217,70.4793
29576,15.570433,67.513167
29656,5.019933,61.1051
29697,9.245217,63.3667
29756,17.57155,69.482267
29776,13.601383,66.868417
29816,6.121133,60.146217
29876,10.761667,64.523983
29896,8.6172,63.176117
29936,5.776417,59.9778
29957,7.06875,58.055833
30036,5.938617,59.2955
30076,10.806633,64.764017
30097,13.33115,66.732983
30117,20.978267,69.961317
30137,8.683667,63.65805
30156,15.264333,68.005917
30157,15.26325,67.63265
30176,15.444317,67.7292
30177,11.763017,64.89295
30196,5.355017,60.83205
30216,17.6465,69.145083
30217,20.789433,70.13225
30236,16.291617,68.911633
30257,8.955683,63.458317
30297,9.883233,63.942567
30377,7.670267,63.099933
30437,8.676583,63.864783
30517,17.68705,69.518467
30518,17.672917,69.491383
30537,11.515983,65.134833
30559,4.862317,60.81255
30560,9.619183,63.868933
30637,16.21425,68.025067
30657,7.0268,58.0243
30717,6.4012,60.41365
30757,17.878683,69.474333
30837,5.176033,60.130183
30857,14.1253,67.028367
30877,18.249117,69.747217
30897,9.440483,63.799333
30917,16.282367,68.877117
30957,16.25385,68.033583
30977,13.790067,68.104867
30997,11.162183,64.801733
31038,5.21455,60.220067
31077,17.303767,68.472967
31117,5.713433,60.156017
31137,22.321017,70.191683
31157,5.124833,60.176883
31177,16.0974,68.779583
31217,12.591783,65.782517
31297,17.338667,68.485917
31317,16.131417,68.02925
31338,8.2298,63.270483
31357,11.189217,64.751267
31397,16.701367,68.9288
31398,18.807083,69.892333
31437,8.167767,63.44715
31457,20.7111,69.99355
31477,6.2872,59.317967
31497,4.9192,60.670033
31557,8.463817,63.81835
31577,6.099,61.840917
31637,12.2005,66.081417
31677,6.67125,62.796583
31697,4.94065,60.434183
31717,6.429083,62.530233
31738,17.948417,69.153983
31757,16.914017,68.79125
31777,15.368483,67.605683
31797,24.450483,70.828517
31817,16.775467,68.718283
31857,12.311833,65.856367
31877,11.235517,64.621117
31917,23.827433,70.713367
31958,9.954783,63.97185
31959,8.52635,63.782383
32037,12.777717,66.3489
32057,10.935217,64.81865
32137,5.644033,60.348383
32157,5.23015,59.928017
32197,6.557633,62.644667
32237,21.772333,70.283483
32257,16.66875,68.866417
32277,7.8523,63.469217
32317,4.660867,61.297767
32337,5.047283,61.571867
32397,15.275233,67.203967
32417,5.2287,60.004583
32437,8.326967,63.0007
32457,5.21725,59.410817
32497,14.963383,68.697
32518,4.897983,60.996417
32537,17.77085,69.54605
32577,5.168567,60.08165
32597,7.928067,63.256517
32598,24.587217,70.640283
32617,22.89265,70.1421
32637,30.136583,70.539917
32677,8.667,63.677883
32697,14.951633,68.51185
32717,9.76985,63.87185
32757,5.117067,60.100833
32777,17.610233,69.5569
32797,25.006267,70.9178
32857,5.0801,59.831933
32877,5.293683,60.173317
32897,12.682067,66.158017
32917,17.346917,68.81815
32977,6.1167,61.152667
32997,15.122683,68.286683
33017,6.937667,62.73835
33077,5.131717,61.205833
33097,20.94965,70.04375
33117,15.34815,68.60365
33157,12.070533,65.831417
33177,9.886633,63.94
33197,23.63825,70.449583
33218,9.88505,64.08505
33297,12.481483,66.030933
33337,5.719817,60.119683
33417,9.823317,63.911267
33457,15.70465,67.754667
33477,15.4441,68.769783
33517,24.590567,70.8172
33537,10.008917,64.1569
33557,8.743433,63.821817
33577,6.885683,58.060083
33597,5.014117,61.292783
33617,8.41765,63.29865
33657,12.888433,66.532867
33677,5.656367,61.144667
33697,9.23325,63.350433
33737,8.504717,63.7917
33757,9.133483,63.942
33777,29.292133,70.027483
33797,5.839367,59.0676
33937,8.2718,63.338917
33957,8.9145,63.7224
33997,22.642417,70.658917
33998,22.6224,70.663967
34018,11.676017,65.025333
34037,14.896817,67.73985
34057,17.79755,69.128833
34117,5.563633,60.171767
34137,18.070083,69.475883
34197,12.16355,65.978717
34257,11.724033,65.078783
34277,14.729933,68.656183
34297,16.2172,68.401133
34357,15.264783,68.970533
34397,4.963083,60.86
34457,19.66665,70.01095
34477,10.512533,64.389567
34637,14.914717,68.666383
34657,5.298833,60.749917
34697,27.2185,70.774767
34717,13.867217,68.134617
34737,5.106567,59.432583
34797,12.0567,64.950783
34817,5.510417,59.0872
34857,8.589133,63.90485
34897,10.279933,64.223067
34917,12.815283,65.249433
34997,14.430617,67.416317
35197,11.135467,64.9848
35237,18.147733,69.4328
35297,6.028583,58.91455
35317,17.440567,69.00265
35318,17.520067,69.0188
35337,18.486267,69.896867
35377,8.444633,63.825033
35417,14.75345,67.7382
35477,10.734183,64.549183
35497,5.192033,60.080767
35517,4.761117,60.695
35597,20.59435,69.912733
35617,14.2799,67.143983
35657,9.186467,63.635717
35677,15.125917,68.4885
35737,12.44435,65.441333
35777,12.157333,66.1008
35797,11.746417,65.008183
35817,14.388433,67.185567
35838,18.517617,69.822333
35877,11.723933,64.971633
35897,6.126617,60.130183
35957,24.488767,70.670583
35977,13.525907,66.557867
35997,21.88035,69.953867
36017,11.93045,65.88035
36037,12.851983,66.1336
36077,16.723383,68.936583
36099,25.32495,70.911617
36100,8.02235,63.494933
36117,15.359683,67.528
36118,15.400217,68.823767
36137,17.06575,68.853217
36138,10.246233,64.273017
36177,16.645133,68.911433
36178,21.282033,70.046133
36217,12.540533,65.748267
36257,19.583583,70.10555
36297,4.982833,61.391
36317,12.127967,65.546517
36337,12.469867,66.350267
36417,23.4353,70.756667
36457,11.569,65.203167
36497,16.09135,68.47665
36517,12.84965,66.5896
36617,11.195717,64.953317
36717,17.606183,69.468417
36737,14.71595,67.44185
36757,19.832183,69.936717
36797,19.931633,69.986917
36817,14.380617,67.382883
36877,8.408817,63.819683
36917,10.115417,64.210867
36937,16.906533,69.151367
37057,17.407817,68.90805
37077,12.6723,65.19105
37177,10.629017,64.769267
37197,8.476033,63.770083
37217,16.3452,68.925033
37237,22.694317,70.645333
37297,20.092167,70.0834
37357,17.994267,69.578367
37557,22.87385,70.245383
37717,9.339833,63.592167
37797,6.889433,62.379367
37857,12.071567,65.934283
38037,12.4032,65.5826
38057,12.339483,65.684967
38217,4.950517,61.016733
38277,10.424967,64.356583
38297,12.02305,66.031183
38517,12.73575,66.476117
38577,5.08115,61.14635
38677,12.7518,65.208867
38697,9.868733,63.980667
38757,14.34655,68.612983
38777,8.699267,63.647267
38797,8.591083,63.852733
38857,25.390833,71.0171
38877,25.81915,70.80725
38957,5.478617,59.194967
38997,8.447833,63.66275
39197,4.69375,60.99405
39217,8.207483,63.421917
39237,5.138433,61.483467
39377,5.06495,61.916333
39437,4.911383,61.707683
39477,5.953667,61.872217
39537,11.36595,64.683817
39577,5.21165,62.016467
39597,11.5664,65.252033
39617,7.79165,63.416633
39657,5.0683,61.806017
39777,14.585667,68.50135
39917,5.125833,61.798083
39937,6.78015,62.77625
39957,8.4714,63.873583
39997,14.032183,67.421667
40017,23.751883,70.511917
40037,5.8946,59.344617
40117,11.968417,65.161733
40118,15.42875,68.927833
40137,9.779517,63.937533
40297,5.05,61.506383
40357,23.340917,70.721517
40377,12.250167,65.211033
45000,22.020733,70.018767
45002,12.691067,66.578467
45004,15.198867,67.669283
45005,23.6761,70.580533
45010,15.269267,68.631083
45013,12.326,65.3103
45014,15.239067,67.752283
45016,12.66875,66.775567
45017,24.62945,70.874833
45023,13.055833,66.32025
45024,5.717267,59.21425
45025,23.241883,70.542083
45029,12.294183,66.243483
45032,11.443517,64.972983
45037,14.2901,67.174967
45038,6.165483,59.308733
45044,13.325183,66.53785
45046,11.633783,64.80155
45047,7.730117,62.716483
45049,16.333283,68.160867
45050,12.553983,65.834017
45058,6.977,62.318333
45060,16.783583,68.4208
45066,6.05955,60.249383
45068,13.469983,68.071417
45070,25.01295,70.8911
45072,5.092217,61.911667
45077,15.5878,67.98025
45078,5.271967,61.620333
45080,13.206917,66.581767
45081,12.252833,66.066717
45083,20.664617,69.98715
45087,7.594283,63.0603
45092,9.903667,64.093917
45099,16.2742,68.244567
45108,7.752267,63.302917
45117,10.7982,64.557883
45120,6.149567,60.097483
45122,6.180333,62.598233
45124,4.915,61.317833
45127,11.730767,65.035117
45129,8.156933,63.46975
45130,8.752917,63.185933
45134,6.816167,62.438817
45135,5.49525,62.229917
45140,13.10985,66.629683
45141,4.919617,59.3095
45142,17.743733,69.5802
45154,19.76845,70.051267
45155,6.645283,62.854533
45166,12.996967,66.282067
45167,7.645567,62.973417
45168,22.504417,70.49585
45173,13.355817,66.851417
45179,7.431167,62.662683
45198,10.565933,64.80645
45200,5.537517,61.923567
45206,4.8515,61.19315
45208,30.191417,70.54855
45210,4.8075,61.18445
45211,4.8148,61.193133
45215,24.085817,70.5756
45229,12.580733,66.66295
45230,22.369317,70.490383
45231,12.575617,66.550333
45233,16.899767,69.214667
45236,8.9278,63.75285
45239,9.3949,64.04855
45241,12.66755,66.317367
45243,6.69085,62.819417
45244,8.528333,63.82505
45249,13.887633,67.423067
45252,15.030333,68.482083
45256,12.2622,65.8114
45257,16.242183,67.912917
45260,8.595233,63.441117
45262,11.215917,65.0411
45264,25.650367,70.939883
45280,8.771833,63.827933
45282,12.14095,65.226733
